/*
SQLyog 企业版 - MySQL GUI v8.14 
MySQL - 5.7.17-log : Database - babydream
*********************************************************************
*/

/*!40101 SET NAMES utf8 */;

/*!40101 SET SQL_MODE=''*/;

/*!40014 SET @OLD_UNIQUE_CHECKS=@@UNIQUE_CHECKS, UNIQUE_CHECKS=0 */;
/*!40014 SET @OLD_FOREIGN_KEY_CHECKS=@@FOREIGN_KEY_CHECKS, FOREIGN_KEY_CHECKS=0 */;
/*!40101 SET @OLD_SQL_MODE=@@SQL_MODE, SQL_MODE='NO_AUTO_VALUE_ON_ZERO' */;
/*!40111 SET @OLD_SQL_NOTES=@@SQL_NOTES, SQL_NOTES=0 */;
CREATE DATABASE /*!32312 IF NOT EXISTS*/`babydream` /*!40100 DEFAULT CHARACTER SET utf8 */;

USE `babydream`;

/*Table structure for table `activity` */

DROP TABLE IF EXISTS `activity`;

CREATE TABLE `activity` (
  `id` int(11) NOT NULL AUTO_INCREMENT,
  `NAME` varchar(100) DEFAULT NULL,
  `thumbnail` varchar(500) DEFAULT NULL,
  `jointime` date DEFAULT NULL,
  `starttime` date NOT NULL,
  `endtime` date NOT NULL,
  `address` varchar(500) NOT NULL,
  `age` int(11) DEFAULT NULL,
  `outorin` int(11) NOT NULL,
  `totalperson` int(11) NOT NULL,
  `hoster` varchar(50) NOT NULL,
  `details` text NOT NULL,
  `flowpath` text NOT NULL,
  `createtime` datetime DEFAULT NULL,
  `createuser` int(11) DEFAULT NULL,
  `state` int(11) NOT NULL DEFAULT '1',
  `TYPE` int(11) DEFAULT NULL,
  PRIMARY KEY (`id`)
) ENGINE=InnoDB AUTO_INCREMENT=7 DEFAULT CHARSET=utf8;

/*Data for the table `activity` */

LOCK TABLES `activity` WRITE;

insert  into `activity`(`id`,`NAME`,`thumbnail`,`jointime`,`starttime`,`endtime`,`address`,`age`,`outorin`,`totalperson`,`hoster`,`details`,`flowpath`,`createtime`,`createuser`,`state`,`TYPE`) values (1,'圣诞狂欢夜','upload/act1 (1).jpg','2017-10-12','2017-10-12','2017-10-12','四川省成都市武侯区银泰城',3,1,100,'银泰城','upload/act (1).jpg','upload/act (6).jpg','2017-12-10 00:00:00',1,1,1),(2,'迪斯尼童话探寻','upload/act1 (2).jpg','2017-10-12','2017-10-12','2017-10-12','上海市迪士尼度假区',3,1,2,'上海迪士尼度假区','upload/act (2).jpg','upload/act (5).jpg','2017-12-10 00:00:00',2,1,2),(3,'新加坡趣志尼亚乐园','upload/act1 (3).jpg','2017-10-10','2017-10-10','2017-10-10','新加坡趣志尼亚乐园',5,1,20,'新加坡趣志尼亚乐园','upload/act (3).jpg','upload/act (5).jpg','2017-12-12 00:00:00',1,1,1),(4,'西双版纳万达狂欢','upload/act1 (4).jpg','2018-01-01','2018-01-01','2018-01-01','西双版纳万达城',6,1,50,'西双版纳万达城','upload/act (4).jpg','upload/act (4).jpg','2018-01-01 00:00:00',1,1,1),(5,'大熊猫基地亲近之旅','upload/act1 (5).jpg','2018-01-03','2018-01-03','2018-01-03','成都大熊猫研究基地',5,1,50,'成都大熊猫研究基地','upload/act (5).jpg','upload/act (3).jpg','2018-01-03 00:00:00',1,1,1),(6,'香港迪士尼圣诞party','upload/act1 (6).jpg','2018-01-03','2018-01-03','2018-01-03','香港迪士尼',5,1,50,'香港迪士尼','upload/act (6).jpg','upload/act (2).jpg','2018-01-03 00:00:00',1,1,2);

UNLOCK TABLES;

/*Table structure for table `address` */

DROP TABLE IF EXISTS `address`;

CREATE TABLE `address` (
  `id` int(11) NOT NULL AUTO_INCREMENT,
  `userid` int(11) DEFAULT NULL,
  `NAME` varchar(20) NOT NULL,
  `Tel` char(11) NOT NULL,
  `province` varchar(30) DEFAULT NULL,
  `City` varchar(30) DEFAULT NULL,
  `Address` varchar(500) DEFAULT NULL,
  `defaultAddress` int(11) DEFAULT NULL,
  `DATE` datetime DEFAULT NULL,
  `State` int(11) DEFAULT '1',
  PRIMARY KEY (`id`)
) ENGINE=InnoDB AUTO_INCREMENT=12 DEFAULT CHARSET=utf8;

/*Data for the table `address` */

LOCK TABLES `address` WRITE;

insert  into `address`(`id`,`userid`,`NAME`,`Tel`,`province`,`City`,`Address`,`defaultAddress`,`DATE`,`State`) values (1,1,'admin','18011232121','四川省','宜宾市','南溪县大坪乡石松村',1,'2017-12-21 00:00:00',1),(2,1,'曾兴','18011232121','四川省','成都市','武侯区天府二街',0,'2017-12-21 00:00:00',1),(3,2,'zx','18653232121','四川省','成都市','武侯区天赋二街',0,'2017-12-21 00:00:00',1),(4,2,'zx','18653232121','四川省','内江市','东兴区东桐路',1,'2017-10-11 00:00:00',1),(5,3,'doubleyang','13311234121','上海市','上海市','浦东区小马路',0,'0000-00-00 00:00:00',1),(6,4,'zzy','13621232341','上海市','上海市','浦东区小马路',1,'0000-00-00 00:00:00',1),(7,4,'zzy','13621232341','上海市','上海市','普陀区东马路',0,'0000-00-00 00:00:00',1),(8,5,'yz','13621232434','广东省','广州市','黄埔区科汇金谷科汇四街6号',1,'0000-00-00 00:00:00',1),(9,5,'yz','13621232434','广东省','广州市','黄埔区科汇',0,'0000-00-00 00:00:00',1),(10,6,'mingming','15131232434','北京市','北京市','东城区大悦城',0,'0000-00-00 00:00:00',1),(11,6,'mingming','15131232434','北京市','北京市','朝阳区朝阳公园',1,'0000-00-00 00:00:00',1);

UNLOCK TABLES;

/*Table structure for table `agency` */

DROP TABLE IF EXISTS `agency`;

CREATE TABLE `agency` (
  `id` int(11) NOT NULL AUTO_INCREMENT,
  `NAME` varchar(50) NOT NULL,
  `img` varchar(500) DEFAULT NULL,
  `createuser` int(11) DEFAULT NULL,
  `DATE` datetime DEFAULT NULL,
  `state` int(11) NOT NULL DEFAULT '1',
  PRIMARY KEY (`id`)
) ENGINE=InnoDB AUTO_INCREMENT=6 DEFAULT CHARSET=utf8 COMMENT='早教机构表';

/*Data for the table `agency` */

LOCK TABLES `agency` WRITE;

insert  into `agency`(`id`,`NAME`,`img`,`createuser`,`DATE`,`state`) values (1,'金宝贝早教中心','/public/img',1,'2017-12-20 20:22:06',1),(2,'运动宝贝','/public/img',2,'2017-12-20 20:22:06',1),(3,'babyDream','/public/img',3,'2017-12-20 20:22:06',1),(4,'八宝树','/public/img',4,'2017-12-20 20:22:06',1),(5,'妈妈说','/public/img',5,'2017-12-20 20:22:06',1);

UNLOCK TABLES;

/*Table structure for table `appiontment` */

DROP TABLE IF EXISTS `appiontment`;

CREATE TABLE `appiontment` (
  `id` int(11) NOT NULL AUTO_INCREMENT,
  `Parentname` varchar(50) NOT NULL,
  `babyname` varchar(50) NOT NULL,
  `number` int(11) NOT NULL,
  `remark` varchar(100) NOT NULL,
  `userid` int(11) DEFAULT NULL,
  `activityId` int(11) NOT NULL,
  `tel` char(11) NOT NULL,
  `state` int(11) NOT NULL DEFAULT '1',
  `DATE` datetime DEFAULT NULL,
  PRIMARY KEY (`id`)
) ENGINE=InnoDB AUTO_INCREMENT=6 DEFAULT CHARSET=utf8 COMMENT='活动预约表';

/*Data for the table `appiontment` */

LOCK TABLES `appiontment` WRITE;

insert  into `appiontment`(`id`,`Parentname`,`babyname`,`number`,`remark`,`userid`,`activityId`,`tel`,`state`,`DATE`) values (1,'张星','张小辉',1,'3岁',1,1,'7890',2017,NULL),(2,'李兴','李星宇',2,'2岁',1,2,'8890',2017,NULL),(3,'蔡明','彩陶',1,'1岁',1,3,'9890',2017,NULL),(4,'芯蕊','心如',2,'5岁',1,4,'6890',2017,NULL),(5,'刘星','刘明',2,'3岁',1,5,'5890',2017,NULL);

UNLOCK TABLES;

/*Table structure for table `article` */

DROP TABLE IF EXISTS `article`;

CREATE TABLE `article` (
  `id` int(11) NOT NULL AUTO_INCREMENT,
  `Title` varchar(50) DEFAULT NULL,
  `Content` text,
  `Author` varchar(30) NOT NULL,
  `Praise` int(11) DEFAULT NULL,
  `Collect` int(11) DEFAULT NULL,
  `thumbnail` varchar(500) DEFAULT NULL,
  `TYPE` int(11) DEFAULT NULL,
  `createuser` int(11) DEFAULT NULL,
  `DATE` datetime DEFAULT NULL,
  `State` int(11) DEFAULT '1',
  PRIMARY KEY (`id`)
) ENGINE=InnoDB AUTO_INCREMENT=15 DEFAULT CHARSET=utf8 COMMENT='文章表';

/*Data for the table `article` */

LOCK TABLES `article` WRITE;

insert  into `article`(`id`,`Title`,`Content`,`Author`,`Praise`,`Collect`,`thumbnail`,`TYPE`,`createuser`,`DATE`,`State`) values (1,'学习认知-提高篇','孩子重复学习会产生懈怠情绪，甚至出现厌学感。不少家长也指出，从幼儿园到小学，孩子陷入提前学习备战的恶性循环中。\r\n遵照国家课程标准， 基于标准的教学评价(俗称“零起点”)，小学一年级要坚持教学“零起步”，幼儿园教育严禁“小学化”的倾向。然而，除了遍地开花的早教、学前辅导机构，能够说明“抢跑”教育的现象仍然存在外，家长们的“领跑”行为，也在助长“抢跑”势头。\r\n近日，记者在阜城走访发现，帮助孩子“抢跑”的家长不在少数，积极推动“零起点”的家长也有自己的教育心得。\r\n“抢跑”优势难持续\r\n家住颍州区的魏女成长，不会给她增加额外学习负担，她想学什么就学什么。”80后年轻妈妈关艳楠，有一个四岁的女儿，今年中班，“以后就打算在音体美方面对孩子有所引导，主要还是看孩子自己喜欢什么，想学什么。”\r\n在关艳楠看来，不少家长把孩子送早教班、学前辅导班，是为了求得心安。“可能会有家长认为，只要孩子多学、早学课本知识就可以放心了。”\r\n关艳楠的女儿就读育新幼儿园，课堂上，老师通过跳舞、种花草、做手工、画画等活动进行启蒙教育，简单的拼音、汉字、加减等穿插在其中教授。“我认为学多少知识是其次，发现孩子的兴趣所在比较重要。”关艳楠说道。\r\n改变传统育儿观教育机制作用大\r\n不过，在应试教育机制下，一个孩子的学业生涯几乎一直处在“抢跑”的状态：幼儿园“抢跑”小学、小学“抢跑”初中、初中“抢跑”高中，其目的在于考试之时，能够取得良好的学习成绩。不“抢跑”、“零起点”，孩子何时才能站在同一起跑线上自然成长?\r\n\r\n','大张伟',29,34,'/upload/artical1.jpg',20,1,'2017-12-20 20:22:03',1),(2,'父母教育-提高篇','一个人事业上再大的成功，也弥补不了教育子女失败的缺憾！父母的言传身教，永远大于老师45分钟的课堂教育，因此，想要让孩子有良好的品行，家庭教育才是关键，老师无能为力！\r\n把自己孩子的一切交给老师，是家长极其不负责任的表现。因为老师再好再负责任，他也不可能做好以下几个方面。\r\n老师不能保证你孩子良好的品行 \r\n一个人无论成绩好师45分钟的课堂教育。因此，想要让孩子有良好的品行，家庭教育才是关键，老师无能为力！\r\n\r\n老师给不了你孩子良好的习惯\r\n\r\n老师给不了你孩子读，不爱看书。但是却没有扪心自问一下，自己是否爱看书呢？孩子读书的兴趣是从小培养的，两三岁的孩子就该开始读书了，而不是等到了学校之后，让老师培养你家孩子读书的习惯。\r\n你家里的书多，孩子就读的多。父母起到好的表率作用，孩子就会效仿，反之，孩子只能模仿你做别的事情。是否从小阅读的差距，会在以后的知识层面，认知能力以及写作水平上表现出来。\r\n\r\n老师不能帮子的是课本知识，良好的生活习惯，做人道理，坚强的意志，这些都是要靠父母去培养的。','阿斗',36,19,'/upload/artical2.jpg',21,1,'2017-12-20 20:22:03',1),(3,'孩子教育-提高篇','对于大多数父母来说，不希望宝宝与自己顶嘴，不说别的，自己的“颜面”就下不来：再者，自己所说的话都是为宝宝好，为什么宝宝不但听不进去，还要顶嘴?其实，父母的这些想法都是从自己的角度出发，如果换个角度或站在中间位置考虑这个问题，或许就能弄明白宝宝为什么顶嘴了。\r\n　　大多数宝宝和父母顶嘴，并不是针对父母本身，而是针对件事情，在辩解的过程中宝宝有时候不知\r\n　　不觉嗓门高了，情绪起来了，表情变了，因此父母就难以接受了.如果父母能够耐心冷静地倾听宝宝所说的话，是能够理解宝宝的心情和意思的.俗话说：“话不说不透，道理不讲不明”.宝宝与父母之间的顶嘴远远胜过一场精彩的辩论赛，有利于培养宝宝敢说敢做的性格。因此，父母不但要允许宝宝顶嘴，而且还要引导宝宝顶嘴。为了能够达到预期的效果，父母还要有如下的思想准备.\r\n　　注意选题。引导宝宝顶嘴，父母首先要注意选题，如果父母觉得这话题有价值，能够让宝宝在这次争辩中，利用所学的知识及对客观世界的了解，与父母辩上几个回合，那就不要犹豫，大胆地引导宝宝与自己争论.\r\n　　做好充分准备。引导宝宝顶嘴，父母要做好充分准备。应该做好充分的知识储备，决不能主题不明，语无伦次。其次，父母还要注意自己的形象，不急不躁，表情平淡，适时地提高嗓门，在关键的论点上“据理力争”，同时也要给宝宝留一定的余地.\r\n　　把握节奏。引导宝宝顶嘴，还要把握节奏。在宝宝顶嘴的过程中，父母不能急于反驳，要给宝宝充分的思考时间，让宝宝在理清对方观点的同时，有充足的时间去发散思维，组织语言.\r\n　　适可正止。引导宝宝顶嘴，要适可而止，及时地告一段落，最好以总结性的语言结束顶嘴。此时，要先让宝宝发表看法，总结自己的观点，然后和宝宝进一步沟通交流，既要充分肯定宝宝的观点，也要指出宝宝的不足和缺点。','李三',30,77,'/upload/artical.jpg',22,1,'2017-12-20 20:22:03',1),(4,'沟通孩子-提高篇','“今天在幼儿园怎样啊”、“今天有没有乖啊”，孩子听了这些问题，多半会心不在焉地说句“挺好的”，家长根本无从了解孩子的真实想法;聪明的家长有自己的一套聊天“魔法”，让孩子愿意诉说。\r\n　　“寒假作业写完了吗”、“期末考试排第几啊”，相信很多成人小时候并不喜欢这样的问话，但当面对自己的孩子，也常常会问出一些让孩子心里不舒服或者毫无意义的问题。聪明的家长有自己的一套聊天“魔法。\r\n　　第一招：问小不问大\r\n　　不要笼统地问“今天在学校做了什么”，而要问细节，比如“今天上了哪几门课”，然后接着问“音乐课都学了什么”、“自然课有趣吗”。家长就可以借此了解孩子一天的学习情况，并持续聊下去。从发展心理学角度看，孩子很难理解抽象的、大范围的问题，用一些小事、琐事打开话匣子更容易，这些问题简单易懂，也很有趣，孩子就会争先恐后地回答，不会感觉到压力。\r\n　　第二招：从别人的事谈起\r\n　　有时候，家长想了解孩子在学校的人际状况，或者老师的情况，直接问往往问不出结果。这是因为，孩子的认知能力还比较薄弱，尤其对人的评价经常“理屈词穷”，此时不妨“旁敲侧击”，从别人的事情绘声绘色地问起。一天晚上，妈妈问小黎：“今天你们班有没有小朋友调皮捣蛋呢?”小黎说：“有啊!桐桐上课不好好听讲，搞小动作，被老师批评了。”“那老师怎么做的?”“让他站起来，狠狠地批评了他。”“有没有体罚，比如打他或者罚站呢?”“没有，就让他课后多加10道题的作业。”这样一段对话，家长就可以略知孩子班级的情况、老师的教学模式等等。“从别人谈起”还可以了解孩子的人际关系，以及用什么样的模式去处事。\r\n　　第三招：不要否定，只要同理\r\n　　中国家长总有一种“大家长主义”情结，跟孩子聊天，很容易随口否定对方的感受和看法。比如当孩子说“数学课特别无聊”时，父母可能会接着说“数学课不无聊啊!对你今后学习物理、化学都有帮助。学好数理化，走遍天下都不怕呢!”但这么一说，话题往往就卡壳了，孩子要么会据理力争，最后大家吵起来，要么会悻悻地回屋，以后也不太愿意和家长对话了。比较好的回答是：“妈妈上学时也不太喜欢数学，但后来发生的一件事，让妈妈爱上了数学呢。”然后家长就可以讲一个故事，让孩子感同身受。用中立的语调、换位思考孩子的感受，才能了解孩子更多的想法、需求，进而帮他走出困境。\r\n','张三',34,89,'/upload/a.jpg',20,1,'2017-12-20 20:22:03',1),(5,'学习认知-提高篇','好，为什么宝宝不但听不进去，还要顶嘴?其实，父母的这些想法都是从自己的角度出发，如果换个角度或站在中间位置考虑这个问题，或许就能弄明白宝宝为什么顶嘴了。\r\n　　大多数宝宝和父母顶嘴，并不是针对父母本身，而是针对件事情，在辩解的过程中宝宝有时候不知\r\n　　不觉嗓门高了，情绪起来了，表情变了，因此父母就难以接受了.如果父母能够耐心冷静地倾听宝宝所说的话，是能够理解宝宝的心情和意思的.俗话说：“话不说不透，道理不讲不明”.宝宝与父母之间的顶嘴远远胜过一场精彩的辩论赛，有利于培养宝宝敢说敢做的性格。因此，父母不但要允许宝宝顶嘴，而且还要引导宝宝顶嘴。为了能够达到预期的效果，父母还要有如下的思想准备.\r\n　　注意选题。引导宝宝顶嘴，父母首先要注意选题，如果父母觉得这话题有价值，能够让宝宝在这次争辩中，利用所学的知识及对客观世界的了解，与父母辩上几个回合，那就不要犹豫，大胆地引导宝宝与自己争论.\r\n　　做好充分准备。引导宝宝顶嘴，父母要做好充分准备。应该做好充分的知识储备，决不能主题不明，语无伦次。其次，父母还要注意自己的形象，不急不躁，表情平淡，适时地提高嗓门，在关键的论点上“据理力争”，同时也要给宝宝留一定的余地.\r\n　　把握节奏。引导宝宝顶嘴，还要把握节奏。在宝宝顶嘴的过程中，父母不能急于反驳，要给宝宝充分的思考时间，让宝宝在理清对方观点的同时，有充足','阿斗',20,70,'/upload/d.jpg',21,1,'2017-12-21 21:22:05',1),(6,'沟通孩子-提高篇','父母和孩子多交谈多沟通，关系亲密，感情犹如朋友一般，是最理想的亲子状态。\r\n　　然而随着孩子的长大，许多父母却无力的发现，孩子越来越不爱跟自己说心里话了。\r\n　　其实这个理想的状态是有方法实现的，不妨试试先试试以下这几个~\r\n孩子不和你说心里话？你需要这6招！图片1\r\n　　1、毫不吝啬对孩子的表扬和鼓励\r\n　　每个人的内心深处都有被认同的需求，试想，谁愿意成天面对一个挑剔、刻薄、无趣的人?平和的面对孩子吧，用表扬代替指责，用鼓励代替打击，相信孩子的感受会好很多。亲子关系也会更加和谐，这就不愁没话可说了。\r\n　　值得注的是：表扬孩子时，一定要说出具体的事件，而且也是孩子感到值得表扬的事情，这样才是有效的赞美。否则，便就是一种客套、谄媚的行径了。而且，表扬与鼓励一定是真诚的，那才是真实的情感表达。\r\n　　2、跟孩子聊天，谈论对某件事的看法\r\n　　告诉孩子，自己是做什么工作，这可以让孩子了解家庭之外的父母，也能增加与孩子之间的交谈。\r\n　　另外对于一些事物可相互交换意见，在这个过程家长可了解孩子的想法，也能潜移默化的影响孩子的价值观。\r\n　　3、和孩子做朋友\r\n　　家长一定要用行动来影响孩子，而不是在语言上要求孩子。比如，要和孩子建立朋友关系，不是家长要求孩子“你把我当成你的朋友，告诉我你的想法”，而对孩子这样说“我以前是怎么做的、我以前干了些什么坏事情”。这样的交流，孩子才真正体会到你和他成为了朋友。\r\n　　4、尊重孩子的兴趣，自己也尝试\r\n　　为了让孩子的兴趣广泛，家长可给孩子更多的体验和尝试机会。同时也可和孩子一起做某件事，一是可以和孩子找到共同的“兴趣点“;二是可以分享自己的感受;三是可以激励和消除孩子的畏难情绪;四是给孩子证明，我们都是平等的。\r\n　　5、不可死缠烂打\r\n　　千万别用体罚或威吓的手段来逼孩子说他不愿说的话，如果孩子不说，只能说明家长的沟通技巧不够。不管是孩子的心事还是犯错不承认。不可死抓不放，试着在孩子的心理防线减低的时候再来问孩子，这样的效果会更好。\r\n　　6、给孩子写信\r\n　　写信，作为一种交流方式，大家已经不怎么使用了。但有些话语，家长完全可以通过文字的形式进行表达。比如：向孩子检讨自己，向孩子承认自己的不足，向孩子表达自己的歉意，向孩子诉说的情感等等。特别提醒：你的话语真实，就一定有效哦。\r\n\r\n','随风',30,50,'/upload/c.jpg',20,1,'2017-12-21 21:22:05',1),(7,'孩子教育-提高篇','《爸爸去哪儿》第二季上周五播出了新西兰站的开头片段，镜头中我们可以看到吴镇宇儿子费曼眼角贴着绷带，且眼皮红肿明显，而较早前吴镇宇也在微博中表示费曼眼角受伤缝针，但至于是怎么受伤的节目组和五个爸爸都没有明确说明，有消息称是“孩子间互相推搡”导致，于是引发了网友的各种猜测，在一些社交工具和论坛上更是分几派对骂。\r\n　　有人说是推人的是黄磊女儿多多，要不然黄磊为什么陪着上医院，明显是做贼心虚。有人猜是陆毅女儿贝儿造成的，陆毅很生气地微博回应子虚乌有……不过不管事实如何，都不应该像众多网友所想的，要让另一个孩子公开道歉，还费曼一个公道，大人更不应该掺合到孩子们的“斗争”当中，不然会产生以下两大坏处：\r\n　　坏处一：使矛盾复杂化\r\n　　孩子之间的争执，往往并没有什么原则性的对与错，只是由于各处的生活环境不同、个性不同，看事情的角度不同而产生不同意见。家长不要一上来就用成人的标准来判断孩子之间纠纷的是与非，一下子就下结论说谁对谁错，这是没有必要的，而且还往往使小小的纠纷扩大化，复杂化。\r\n　　坏处二：影响孩子明辨是非的能力\r\n　　有些大人心疼孩子，总觉得孩子不能吃亏，就鼓励孩子要勇敢报复，比如要敢于反戈一击，甚至还教孩子打架的技巧，这样无疑会助长孩子的暴力倾向。而如果勒令孩子“以后不许和他玩”，这会让孩子越来越不合群，变得越来越孤立，这不是爱护孩子，反而是害了孩子。\r\n　　家长应如何应对孩子间的争执?\r\n　　首先，家长尽可能不介入孩子间的争执\r\n　　孩子之间的争执打闹，只要不存在肉体伤害，家长尽可能不要介入，要让孩子自己去解决纠纷。其实在绝大多数情况下，小孩子打架根本不需要调解，他们自己一会儿就和好如初了。而大人一旦介入，就变得复杂了，本来是小孩子之间的小摩擦，结果可能演变成两家大人之间的矛盾。\r\n　　其次，不要因为孩子一面之词下定论\r\n　　如果是孩子主动向家长“告状”，要求家长出面干预的话，家长也不要急于下结论，而要先问清情况，让双方都有讲述理由的机会，然后对孩子加以引导，尽可能让他们自己找出解决矛盾的方法。对于较小的孩子，或者根本没必要解决的纠纷，家长可以提出一个新的话题或活动，转移孩子的注意力，让他们在新的协作中学会团结，从而忘却矛盾，和好如初。\r\n　　第三，伤害别人的孩子需要承担责任\r\n　　如果是自己的孩子伤害了别人，多数家长都会对孩子训斥一顿后，让孩子离开，该干啥干啥去，由家长留下来处理问题。但是这样会让孩子觉得天大的事情还有父母担着，不需要承担责任，以后可能还会继续闯祸。正确的做法应该是让孩子明白，伤害了别人就要承担责任，即使是过失也要专门道歉。\r\n　　《爸爸去哪儿》作为一档受众较广的综艺节目，显然容易令一些本不算大的事情激化。其实，费曼受伤若真是因小朋友推搡导致，那么费曼的家长应该是能够谅解小朋友的过失的，毕竟这几个孩子还是天真单纯的。而推人一方的孩子，即使是过失导致，也应该当面郑重地向费曼道歉，但是这个道歉也确实不需要在电视上播出，也不需要告知广大网友，否则可能是孩子一生的阴影。','张三',20,60,'/upload/arctial3.jpg',21,1,'2017-12-20 20:22:03',1),(8,'早教学习-提高篇','幼儿园的老师们为青云里小区的居民带来了一堂趣味十足的早教课程。抱着自家宝宝，听听幼儿园老师的认真讲解，活动现场的爸爸妈妈、爷爷奶奶们频频点头。\r\n　　了解宝宝的发展规律\r\n　　早在2003年就开始尝试0—3岁早期教育，经过几年的不断探索与总结，2005年被评为“大兴区社区儿童早期教育示范基地”、2006年6月被评为“北京市社区儿童早期教育示范基地”的青云店镇中心幼儿园的园长王晨光介绍说，让孩子拥有最佳的人生开端是我们不懈的追求。我们幼儿园一直都很重视0—3岁幼儿的早期教育工作，依托妇联组织送教进社区、进家庭，为家长科学育儿提供智力支持。\r\n　　“婴幼儿时期度、技能的发展状况，安排适当的活动，进行必要的外部刺激，帮助孩子找到兴趣点，以便培养兴趣。当然，不能使用太困难或太简单的活动和玩具，也不要逼着孩子去追求大人眼里的成功，而应重点关注学习过程的愉快感受。\r\n　　家庭中的早期教育\r\n　　游戏目标：练习听指令行走\r\n　　1、在孩子熟悉了听音乐节奏变化行走之后，还可以听音乐变换方向走。\r\n　　2、在晴天时，父母可带着孩子到户外，玩踩人影子游戏，谁先踩到别人的影子为胜。\r\n　　游戏名称：荡秋千(1.5—3岁)\r\n　　游戏目标：训练感觉统合\r\n　　游戏材料：床单一块\r\n　　游戏方法：\r\n　　1、把床单平铺在床上或者地板上，幼儿躺在床单上，爸爸妈妈各抓住床单的两个角，让床单离地，左右摇晃，使幼儿荡起来。\r\n　　2、成人左右摇晃幼儿，可以边摇晃边说：“荡啊荡，荡秋千，荡到左，荡到右。”根据幼儿喜欢的程度，调整摇晃的高度和速度，以提高幼儿的兴趣和培养幼儿的胆量。','大张伟',34,70,'/upload/arctial5.jpg',20,1,'2017-12-21 21:22:05',1),(9,'教育问题-提高篇','老师们为青云里小区的居民带来了一堂趣味十足的早教课程。抱着自家宝宝，听听幼儿园老师的认真讲解，活动现场的爸爸妈妈、爷爷奶奶们频频点头。\r\n　　了解宝宝的发展规律\r\n　　早在2003年就开始尝试0—3岁早期教育，经过几年的不断探索与总结，2005年被评为“大兴区社区儿童早期教育示范基地”、2006年6月被评为“北京市社区儿童早期教育示范基地”的青云店镇中心幼儿园的园长王晨光介绍说，让孩子拥有最佳的人生开端是我们不懈的追求。我们幼儿园一直都很重视0—3岁幼儿的早期教育工作，依托妇联组织送教进社区、进家庭，为家长科学育儿提供智力支持。\r\n　　“婴幼儿时期度、技能的发展状况，安排适当的活动，进行必要的外部刺激，帮助孩子找到兴趣点，以便培养兴趣。当然，不能使用太困难或太简单的活动和玩具，也不要逼着孩子去追求大人眼里的成功，而应重点关注学习过程的愉快感受。\r\n　　家庭中的早期教育\r\n　　游戏目标：练习听指令行走<br/>\r\n　　1、在孩子熟悉了听音乐节奏变化行走之后，还可以听音乐变换方向走。<br/>\r\n　　2、在晴天时，父母可带着孩子到户外，玩踩人影子游戏，谁先踩到别人的影子为胜。<br/>\r\n　　游戏名称：荡秋千(1.5—3岁)<br/>\r\n　　游戏目标：训练感觉统合<br/>\r\n　　游戏材料：床单一块<br/>\r\n　　','阿斗',30,50,'/upload/t019f1fc3e967ddf3e2.jpg',21,1,'2017-12-20 20:22:03',1),(10,'养成习惯-提高篇','不要觉得5岁的宝宝还很小噢，很多技能都是需要从小养成的。而对于一个5岁的宝宝而言，他需要学会的必备生活技能就有七种，爸爸妈妈们要特别的注意一下喽。\r\n　　1、 吃东西\r\n　　宝宝们刚开始吃东西的时候都是用勺子的，但是五岁的是就应该学会使用筷子了，而且还要渐渐地培养不浪费的习惯了，能吃多少就去拿多少，吃饭也不剩饭菜，端饭端水的时候要端稳，注意不要随意的倒掉饭菜和茶水。\r\n　　2、 个人卫生\r\n　　漱口、刷牙、洗脸都是孩子可以单独完成的项目，要让他们知道早晚都要刷牙洗脸才能睡觉，饭前便后要自觉的去洗手，身上的衣服脏了要自己去换干净的。大小便要自理，而且要养成良好的卫生习惯。\r\n　　3、 穿衣服\r\n　　要懂得自己辨别鞋子的左右、衣服的正反、裤子的前后，而且穿衣服的时候不需要父母的帮手，知道衣服换下来的时候要叠的很整齐，不可以乱丢。有些套头的衣服小孩子可能一开始不是很会穿，妈妈多做几遍示范，这样学习起来就不会很难了。\r\n　　4、 问候别人\r\n　　要养成孩子良好的礼貌习惯，见了人知道说“你好”和“谢谢”;出门了知道说“我出去了”;回家了要知道“我回来了”;吃饭之前后要知道说“那我吃了”、“我吃饱了”等等。\r\n　　5、做家务\r\n　　一般来说，五岁的宝宝已经可以完成难度比较高的家务了，比如说洗盘子和收拾玩具，家长需要做的只是告诉孩子一步步应该怎么去操作，怎样进行分类，整理好的东西应该放在哪里。这样孩子就可以知道，他在家务中也是要负起责任的。等到他慢慢长大到需要自己承担事情的那一天，自然会对社会和家庭产生责任感，\r\n　　6、认路问路\r\n　　五岁的孩子应该对自己的家和经常去的地方非常的熟悉，一些比较远但是好记得路，走过一遍之后要大体的能够记住。对于一些很远的而且不好记的，或者第一次去的地方要懂得不知道的时候怎样去问路，知道自己的姓名和住址，方便迷路的时候能够被送回家。\r\n　　7、协调能力\r\n　　五岁的孩子已经开始知道什么是朋友，也有了一定的固定的玩伴。当和小朋友之间发生冲突和矛盾的时候，要能够有简单的解决问题和突破问题的办法，然后尝试着解决。\r\n　　不要再以为5岁还是一个很小的年纪了，宝宝应该在5岁学会的事情还有很多，这并不是给他们强加什么压力，而是为了给他们增加足够的适应能力，为了以后更好的生活。','李三',34,60,'/upload/t017d3a114124888519.jpg',22,1,'2017-12-20 20:22:03',1),(11,'早教意义-提高篇','早教教育针对的对象不同\r\n       早教教育虽然是对孩子的教育，但是0-3岁的孩子还没有脱离父母，父母和周围的人是给孩子实施教育的老师，因此，早期教育教育的对象，最终目的港是孩子，中间对父母的教育也是不可缺少的，如果父母没有意识的0-3岁孩子早期教育的重要性质和方法，孩子同样得不到更好的早教教育效果。父母不要把希望寄托在一些早教机构和潜力开发中心，先不说效果，就是时间上也很少。每天1-2个小时的时间，根本不是起到决定性的做作用。\r\n       父母是孩子最好和最早的老师，没有人比你更爱你的孩子，孩子的早教教育也是父母在跟孩子平时生活中交流中实施的哦，这样的早期教育不会让孩子反感，而且能提高宝宝认识世界的兴趣。\r\n早期教育对孩子的作用\r\n       孩子生长过程中，有很多敏感期，如果父母错过这个敏感期的教育和引导，会给孩子将来带来不可挽回的遗憾。在特定时期，给孩子提供认知世界、情感培养、语言能力、个人爱好、面对困难等引导和措施，能够为孩子以后的生活和工作质量打下坚定的基础。\r\n       现在，很多发达国家对于早教教育都很重视，很多国家对于弱势的群体孩子的早期教育提供了大量的补助，比如：英国的“Sure Start”美国的“Early  Head Start ”。因此我们更应该认识到早教教育的重要性。\r\n       很多专家认为：只要在孩子幼儿期发现的任何问题，只要即使处理，都会能弥补上的，也就是说幼儿时期不管在生理还是心理上的问题，都是可以预防和化解的。\r\n      早期教育实施者是家长，和谐的家庭环境能促进孩子的身心健康成长；父母在给孩子实施早期教育的时候，也学会如何进行家庭教育，给孩子以后的身心健康、生活学习添一把力。\r\n早教教育对社会的作用\r\n       21世纪对人才的要求越来越高，很多企业都是需要符合型的人才，如果想要提高自己的生活质量，只会一种技能是远远不够的。\r\n      早期教育不仅让孩子大脑的到开发，而且在一系列亲子活动和教育活动中，让孩子学会面对问题和解决问题。从小让孩子懂得克服困难，对孩子以后面对和处理学习和工作中遇到的问题做好心理准备。孩子是社会的未来，孩子素质的提高，也会提高了个社会的整体素质。','风火',21,55,'/upload/t01cec5186164fc2f99.jpg',23,1,'2017-12-20 20:22:03',1),(12,'参加早教-提高篇','很多家长习惯让家里老人或是保姆带着孩子去早教班，但是这么做是不利于孩子接受早期教育的，早教班很多是为了怎经家长与孩子的感情交流，家长们可不能再浪费这个机会了。\r\n　　孩子一般都是开在二三岁左右的时候参加早教班，这时候孩子还没有进入幼儿园，也没有多少与陌生人共处一室的机会，即使是面对同龄的小朋友，孩子们也会难免有畏惧的心理，这时候他唯一认识的带她去早教班的人就是她最安全的靠山了，家长们难道要把这个难得的增进感情的机会留给老人或是保姆吗?\r\n　　亲子活动的早教班家长一定要亲自去。有些早教班就是为了增进家庭感情的，比如说母婴瑜伽、母子运动等，这中早教班不仅可以协调宝宝的生长发育、锻炼孩子的反应能力、促进孩子的身体成长，更重要的是让孩子在与家长共同运动的同时感受家庭亲情，这对于想要以后在家庭中开展“平等教育”，与孩子建立平等关系的家长们非常重要，这让孩子从有记忆开始就一直感受家人们的团结合作，与父母能够平等对话，自由的表达自己的想法，这对于以后孩子与家长坦诚相处有很大意义。\r\n　　完善孩子性格发展的早教班一定要家长陪着去。这种早教班不是要启发孩子的智慧，而是要培养孩子的自理能力、自信心、人际交往能力的，这种教育往往以做游戏为主，家长们的作用就是陪孩子玩，给孩子营造一个他认为“安全”的环境，让她投入到班级课堂里面，接下来才能让孩子有信心按照老师的要求去做。家长们在旁边如果参与游戏，可以配合老师，用自己的经验让孩子更好理解，即使只是看着孩子，对孩子来说也是一种莫大的鼓励。\r\n　　激发孩子智力、培养孩子才艺的早教班，家长应该亲自去。这种早教班，如果需要有大人陪伴，家长们一定不能交给别人代劳。这种早教班跟孩子的潜能开发有关系，家长们如果想做一个负责任的爸爸妈妈，应该从孩子小时候刚开始接触培训时就了解孩子的掌握程度，这样以后和孩子在这方面交流的时候不至于无法沟通，而且家长们在一旁也可以锻炼自己、与孩子同时学习，一方面让孩子更加坚定，一方面也可以培养和孩子的共同语言。家长们不要不重视这种学习活动，很多时候代沟不是因为年龄差距，而是在孩子感兴趣的领域大人们无法理解沟通造成的，所以从陪孩子上早教班开始，就是家长努力填补代沟的第一步。\r\n　　所以，如果早教班里可以有大人陪伴，家长们一定要抽出时间亲自去，最好两个人都去，这样孩子会更有自信、更早建立起安全环境，进而更快的融入班集体，这对于接下来的学习和集体活动都有好处。','玉林',23,56,'/upload/t01177bf2459f0135b6.jpg',24,1,'2017-12-20 20:22:03',1),(13,'孩子教育-提高篇','我平常走在路上，经常会看到很多家长一手牵着孩子，一手握着手机。\r\n但却不再小心翼翼地关注孩子，而是低着头，专心地盯着自己的手机屏幕。\r\n之前有个孩子控诉自己的爸爸玩手机，在作文里说“爸爸已经不是我的爸爸，他是手机的爸爸”，我倒觉得是手机的奴隶更合适。\r\n而且通过和这些家长的接触，我发现——层次越低的父母越喜欢玩手机！\r\n为什么这么说呢？\r\n很多爸爸下班回到家，孩子在做作业，他就自顾自往沙发上一瘫，拿出手机就开始刷。大拇指飞快地在屏幕上滑动，孩子叫他检查作业也浑然不知……\r\n不难想象，对于自己的生活毫无追求，整天把时间消磨在手机、电视上的家长，在孩子的教育问题上，层次也高不到哪里去，因为他们永远都忽视了这最重要的几点！\r\n1\r\n层次低的父母缺乏学习意识\r\n离开学校，对于很多人来说就意味着无事可干。平时下班回家、周末休息，不看电视不玩手机还能干什么？多数家长认为自己已经不需要学习了，这才是造成家庭教育层次低的根本原因。\r\n终身学习的概念已经被提倡了多年。学习本身就是一个无止境的过程，只有不断地学习新事物，才能保证自己的良好状态。\r\n而层次低的父母，往往缺乏学习意识，他们认为把时间花在手机、电视上是理所应当的。\r\n一个有远见的家长，必然是注重学习的。\r\n他应该有自己的追求，有清晰的人生规划。不仅注重自身的文化素养，也会时刻督促孩子汲取新知识。\r\n2\r\n层次低的父母忽视了榜样的作用\r\n父母是孩子的第一任老师。但很多家长认为教育孩子是老师的任务，自己只需要把孩子送去学校。\r\n殊不知，孩子的很多行为都是从模仿开始，而父母就是他们最初的模仿对象。\r\n家长的层次低，意识不到自己的言行会给孩子带来什么影响。但是自己天天看电视玩手机，却要孩子认真读书努力学习；自己浑浑噩噩得过且过，却要孩子发愤图强出人头地；自己把生活经营得一地鸡毛一团糟，却要孩子样样精通无所不能。\r\n当孩子与生俱来就被这样的不平等观念所管制着，你能指望孩子能“优秀”成什么样子？\r\n合格的家长，首先一定是一个好老师。他会严格要求自己，注意自己在孩子面前的行为和形象。\r\n所以，想当一个层次高的家长，请不要在孩子看书、做作业的时候，自己在旁边看电视；也不要一边给孩子检查作业，一边时不时瞄两眼手机。\r\n即使真的有事情需要用到手机，也要尽量在孩子看不见的地方。\r\n3\r\n层次低的父母只会要求孩子\r\n层次低的父母，自己每天混日子，半辈子碌碌无为，却想要孩子十年苦读，出人头地；自己天天抱着手机玩，却要孩子认真学习。\r\n懂得教育孩子的父母首先会把自己跟孩子放在同一层面上看待，要求孩子的事保证自己也能完成。\r\n他们尊重孩子，允许孩子有不足，但也尽量让他变得更好。对于有追求的家长来说，教育孩子也是他们要求自己进步的过程。\r\n家长往往不愿意承认自己整天抱着手机是不务正业，他们为此找了个冠冕堂皇的理由——工作。但实际上，真正需要依靠手机来完成的工作微乎其微，手机大部分时候仍旧只是传递信息而已。\r\n高层次的家长，不会一边刷着手机，一边要求孩子努力。他们懂得手机的利弊，会控制自己，也会引导孩子。\r\n世界上最成功的教育从来都不是老师在上面教，学生在下面记，而是言传身教。你将自己毫无节制，沉迷手机的陋习暴露在孩子眼前，又怎么要求他控制欲望，一心向学呢？\r\n\r\n','临风',25,60,'/upload/t019ced6103603f0236.jpg',25,1,'2017-12-20 20:22:03',1),(14,'提高技能-提高篇','孩子的发展不仅仅包括素养和智商，还应该包括体能的发展。体能训练可以给孩子创建一个健康的身体，有什么比一个健康的生命更加重要呢?父母在孩子上学之前就可以帮助锻炼孩子身体，让他们拥有强健的体魄，优美的体型，让他们更加优秀。\r\n　　体能是孩子的宝贵财富\r\n　　孩子体能的发展是非常重要的，健康的身体是人生最大的财富。在学龄前，锻炼孩子的运动技能可以帮助孩子成长的更加健康。运动可以促进孩子的生长，提高孩子的食欲，促进孩子的睡眠，还可以帮助塑造孩子的体型。例如弹跳可以促进孩子身高的增加，跑步，立正等其他的运动可以帮助孩子锻炼肌肉，塑造体型。另外，运动还可以培养孩子的毅力，让他们做事情的时候有着持之以恒的决心。\r\n　　1、游泳\r\n　　有的孩子喜欢玩水，父母在孩子洗澡的时候就可以看出来自己的孩子是否怕水。如果你的孩子很享受在水中玩耍的过程，那么父母可经常带着孩子去游泳。刚开始可以给孩子买个很小的游泳圈，然后由父母托着孩子在水里玩，慢慢等他们熟练之后，再放手让他们自己游泳。游泳可以锻炼孩子的双肩和背部肌肉，在炎热的夏天，这是让孩子释放体力最好的方法了。\r\n　　2、跑步\r\n　　在孩子小的时候，父母可以带着孩子去散步，让他们消耗体力。走路有助于人们的睡眠，而且可以锻炼腿部肌肉。当你的孩子再大一点的时候，可以在傍晚或者清晨带着孩子在小区内或者附近公园里跑步。这不仅可以锻炼孩子的身体，还可以锻炼孩子的毅力与恒心，让他们富有耐心，更加懂得坚持。\r\n　　3、跳舞\r\n　　如果你有个女儿，那么可以让自己的孩子去学习舞蹈。首先，艺术可以培养你孩子的气质，让她们有着迷人的美魅力;其次，舞蹈可以让你的女儿锻炼出优美的体型，纤弱的身段。因此舞蹈可以说是最适合女孩子锻炼的项目。而且音乐可以促进孩子的大脑发育，让她们变得越来越聪明。\r\n　　4、其他运动技能\r\n　　你可能会发现你的孩子在学龄前会特别的吵闹，他们有着花不完的精力，总是会在家里玩这个玩那个。与其让你的孩子没有目的的瞎闹，不如让他们锻炼身体，或者让他们帮助你做家务。像跳绳，踢毽子，跳方格都可以锻炼孩子的体能，父母可以通过这样的方法来消耗孩子的体力，促进他们成长的同时也带来欢乐。\r\n','张三',24,55,'/upload/t0115c94e11bac790f7.jpg',22,1,'2017-12-20 20:22:03',1);

UNLOCK TABLES;

/*Table structure for table `cart` */

DROP TABLE IF EXISTS `cart`;

CREATE TABLE `cart` (
  `id` int(11) NOT NULL AUTO_INCREMENT,
  `userid` int(11) NOT NULL,
  `goodsId` int(11) NOT NULL,
  `Num` int(11) NOT NULL,
  `state` int(11) DEFAULT '1',
  `DATE` datetime DEFAULT NULL,
  PRIMARY KEY (`id`)
) ENGINE=InnoDB AUTO_INCREMENT=10 DEFAULT CHARSET=utf8;

/*Data for the table `cart` */

LOCK TABLES `cart` WRITE;

insert  into `cart`(`id`,`userid`,`goodsId`,`Num`,`state`,`DATE`) values (1,1,1,3,1,'2017-12-20 20:22:07'),(2,2,2,2,1,'2017-12-20 20:22:07'),(3,3,3,1,1,'2017-12-20 20:22:07'),(4,4,4,5,1,'2017-12-20 20:22:07'),(5,5,5,7,1,'2017-12-20 20:22:07'),(6,1,2,2,0,'2017-12-20 20:22:07'),(7,1,4,3,1,'2017-12-20 20:22:07'),(8,1,7,3,0,'2017-12-21 15:22:34'),(9,1,7,3,1,'2017-12-21 15:57:24');

UNLOCK TABLES;

/*Table structure for table `collect` */

DROP TABLE IF EXISTS `collect`;

CREATE TABLE `collect` (
  `id` int(11) NOT NULL AUTO_INCREMENT,
  `userid` int(11) DEFAULT NULL,
  `relateId` int(11) DEFAULT NULL,
  `TYPE` int(11) DEFAULT NULL,
  `DATE` datetime DEFAULT NULL,
  `state` int(11) DEFAULT '1',
  PRIMARY KEY (`id`)
) ENGINE=InnoDB AUTO_INCREMENT=20 DEFAULT CHARSET=utf8;

/*Data for the table `collect` */

LOCK TABLES `collect` WRITE;

insert  into `collect`(`id`,`userid`,`relateId`,`TYPE`,`DATE`,`state`) values (1,1,1,0,'2017-12-20 20:22:08',1),(2,1,2,0,'2017-12-20 20:22:08',0),(3,2,1,2,'2017-12-20 20:22:08',1),(4,2,2,2,'2017-12-20 20:22:08',1),(5,3,2,1,'2017-12-20 20:22:08',1),(6,3,1,1,'2017-12-20 20:22:08',1),(7,4,5,0,'2017-12-20 20:22:08',1),(8,4,4,1,'2017-12-20 20:22:08',1),(9,5,3,1,'2017-12-20 20:22:08',1),(10,5,2,2,'2017-12-20 20:22:08',1),(11,5,4,2,'2017-12-20 20:22:08',1),(12,2,5,0,'2017-12-20 20:22:08',1),(13,1,6,1,'2017-12-20 20:22:08',1),(14,3,5,0,'2017-12-20 20:22:08',1),(15,4,2,2,'2017-12-20 20:22:08',1),(16,1,14,2,'2017-12-21 15:01:48',0),(17,1,14,2,'2017-12-21 15:01:50',0),(18,1,14,2,'2017-12-21 15:01:58',1),(19,1,14,2,'2017-12-21 15:02:01',1);

UNLOCK TABLES;

/*Table structure for table `coursestage` */

DROP TABLE IF EXISTS `coursestage`;

CREATE TABLE `coursestage` (
  `id` int(11) NOT NULL AUTO_INCREMENT,
  `stageName` varchar(50) DEFAULT NULL,
  `thumbnail` varchar(500) DEFAULT NULL,
  `title1` varchar(50) DEFAULT NULL,
  `text1` text,
  `title2` varchar(50) DEFAULT NULL,
  `text2` text,
  `DATE` datetime DEFAULT NULL,
  `createuser` int(11) DEFAULT NULL,
  `state` int(11) DEFAULT '1',
  PRIMARY KEY (`id`)
) ENGINE=InnoDB AUTO_INCREMENT=4 DEFAULT CHARSET=utf8 COMMENT='课程阶段表';

/*Data for the table `coursestage` */

LOCK TABLES `coursestage` WRITE;

insert  into `coursestage`(`id`,`stageName`,`thumbnail`,`title1`,`text1`,`title2`,`text2`,`DATE`,`createuser`,`state`) values (1,'婴儿期','/public/course','好奇·探索','宝宝开始有了自我意识，喜欢探索周围的美好环境，有小小的模仿能力，而且已经开始认知因果关系，了解如何得到想要的结果，他们运用逐渐增强的技能和体能来感受周围世界。这些对于认知世界规律，发展沟通交流能力，培养竞争意识和自信心都非常重要。\r\n','模仿·辨别','通过“听觉、视觉”等多通道的刺激来提高婴幼儿挨打的无群多群无多去外地大青蛙请问去外地请问当前的认知能力驱蚊器翁群翁群翁，全方位促进\r\n','2017-12-20 20:22:09',1,1),(2,'幼儿期','/public/course','独立·沟通','本阶段的宝宝正处于在走路的敏感期。喜欢不停地运动，而宝宝的平衡能力、垫上运动能力、上肢力量和敏捷性是课程的发展重点，帮助宝宝从婴幼儿期就建立起对运动的参与热情。并且宝宝喜欢社会性游戏，开始学习分享与妥协，开始说简单的单字和词，会自己想办法解决一些问题。\r\n静品教育通过舞蹈环节和肢体练习，训练宝宝的次序性和方向感；加强语言和社交能力、空间感知；培养宝宝情绪调节与控制能力。帮助宝宝建立初期的认知和社交能力。','认可·选择','这个阶段是宝宝性格形成的关键期。宝宝在活动过程中，会运用自己掌握的技能不断尝试，经历失败后重新调整方式。在不断重复尝试之后，他们知道采取哪些行动，以怎样的顺序能达到目的;能控制跑得动作，有意识避开障碍物，有初步的是非观念，知道什么是对，什么是错。\r\n静品教育教宝宝在游戏中学习形状和顺序等基本概念，帮助宝宝了解世界，丰富有趣的课程内容和教学设备给宝宝带来更多的挑战，让宝宝在获得体能发展的同时，建立起良好的自尊。','2017-12-20 20:22:09',2,1),(3,'学前期','/public/course','认知·求知','这个阶段的宝宝表现出明显的个性特征，处于人生的第一个反抗期。宝宝的认知从感知阶段过度到象征认知阶段。初级运动技巧、精细动作和大动作的熟练程度、以及操作性技巧的练习成为这一阶段的学习重点。宝宝处于口头语言学习的关键期，正确的母语学习是最重要的。\r\n静品教育通过游戏建立了宝宝的符号联想能力；通过模仿和角色扮演、挑战性运动项目，培养宝宝观察力和事物的认识能力以及独立性和自主探索精神，建立良好的自信心和自尊心。','精细·认知·社交','这个阶段的宝宝表现出明显的个性特征，处于人生的第一个反抗期。宝宝的认知从感知阶段过度到象征认知阶段。初级运动技巧、精细动作和大动作的熟练程度、以及操作性技巧的练习成为这一阶段的学习重点。宝宝处于口头语言学习的关键期，正确的母语学习是最重要的。\r\n静品教育通过游戏建立了宝宝的符号联想能力；通过模仿和角色扮演、挑战性运动项目，培养宝宝观察力和事物的认识能力以及独立性和自主探索精神，建立良好的自信心和自尊心。','2017-12-20 20:22:09',3,1);

UNLOCK TABLES;

/*Table structure for table `dictionary` */

DROP TABLE IF EXISTS `dictionary`;

CREATE TABLE `dictionary` (
  `id` int(11) NOT NULL AUTO_INCREMENT,
  `TYPE` varchar(50) DEFAULT NULL,
  `NAME` varchar(50) DEFAULT NULL,
  `createuser` int(11) DEFAULT NULL,
  `DATE` datetime DEFAULT NULL,
  `State` int(11) DEFAULT '1',
  PRIMARY KEY (`id`)
) ENGINE=InnoDB AUTO_INCREMENT=20 DEFAULT CHARSET=utf8;

/*Data for the table `dictionary` */

LOCK TABLES `dictionary` WRITE;

insert  into `dictionary`(`id`,`TYPE`,`NAME`,`createuser`,`DATE`,`State`) values (1,'活动类型','创意diy',1,'2017-12-20 20:22:11',1),(2,'活动类型','亲子游泳',2,'2017-12-20 20:22:11',1),(3,'活动类型','亲子游',3,'2017-12-20 20:22:11',1),(4,'活动年龄','0-1岁',1,'2017-12-20 20:22:11',1),(5,'活动年龄','1-2岁',2,'2017-12-20 20:22:11',1),(6,'活动年龄','3岁以上',3,'2017-12-20 20:22:11',1),(7,'商品类型','益智类',1,'2017-12-20 20:22:11',1),(8,'商品类型','动作类',2,'2017-12-20 20:22:11',1),(9,'商品类型','语言类',3,'2017-12-20 20:22:11',1),(10,'商品颜色','红色',1,'2017-12-20 20:22:11',1),(11,'商品颜色','黄色',2,'2017-12-20 20:22:11',1),(12,'商品颜色','白色',3,'2017-12-20 20:22:11',1),(13,'交流类别','健康问题',1,'2017-12-20 20:22:11',1),(14,'交流类别','营养问题',2,'2017-12-20 20:22:11',1),(15,'交流类别','发育问题',3,'2017-12-20 20:22:11',1),(16,'交流主题','教育',1,'2017-12-20 20:22:11',1),(17,'交流主题','胎教',2,'2017-12-20 20:22:11',1),(18,'交流主题','营养',3,'2017-12-20 20:22:11',1),(19,'商品类型','相关书籍',1,'2017-12-21 00:00:00',1);

UNLOCK TABLES;

/*Table structure for table `goods` */

DROP TABLE IF EXISTS `goods`;

CREATE TABLE `goods` (
  `Id` int(11) NOT NULL AUTO_INCREMENT,
  `NAME` varchar(50) DEFAULT NULL,
  `Price` float DEFAULT NULL,
  `STORAGE` int(11) DEFAULT NULL,
  `collectNum` int(11) DEFAULT NULL,
  `Thumbnail` varchar(500) DEFAULT NULL,
  `description` text,
  `TYPE` int(11) DEFAULT NULL,
  `colorid` varchar(50) DEFAULT NULL,
  `DATE` datetime DEFAULT NULL,
  `createuser` int(11) DEFAULT NULL,
  `State` int(11) DEFAULT '1',
  PRIMARY KEY (`Id`)
) ENGINE=InnoDB AUTO_INCREMENT=35 DEFAULT CHARSET=utf8;

/*Data for the table `goods` */

LOCK TABLES `goods` WRITE;

insert  into `goods`(`Id`,`NAME`,`Price`,`STORAGE`,`collectNum`,`Thumbnail`,`description`,`TYPE`,`colorid`,`DATE`,`createuser`,`State`) values (1,'木制玩具记忆棋',12,344,123,'/upload/yzt.jpg','木制儿童益智玩具记忆棋亲子成人颜色记忆桌面游戏3岁以上玩具棋',7,',10,12,','2017-12-20 21:25:46',1,1),(2,'萌兔暖手抱枕',50,314,344,'upload/yizhil3.jpg','萌兔暖手抱枕,木制儿童益智玩具记忆棋亲子成人颜色记忆桌面游戏3岁以上玩具棋',7,',10,11,','2017-12-20 21:25:46',2,1),(3,'仙人球拼插',25,244,230,'upload/yizhil22.jpg','仙人球拼插,萌兔暖手抱枕,木制儿童益智玩具记忆棋亲子成人',7,',10,12,','2017-12-20 21:25:46',3,1),(4,'水彩画画工具',48,199,23,'upload/shuicaibi.jpg','水彩画画工具,仙人球拼插,萌兔暖手抱枕,木制儿童益智玩具记忆棋亲子成人',7,',10,12,','2017-12-20 21:25:46',4,1),(5,'轨道迷宫方形球',25,140,103,'upload/yizhil5.jpg','轨道迷宫方形球,萌兔早教机,儿童婴儿积木形状配对一周宝宝益智力玩具1-2-3岁早教女孩六面盒',7,',10,11,','2017-12-20 21:25:46',5,1),(6,'轨道迷宫方形球',42,120,123,'upload/yizhil6 (2).jpg','记忆游戏早教智力开发,木制儿童益智玩具记忆棋亲子成人颜色记忆桌面游戏3岁以上玩具棋',7,',10,12,','2017-12-20 21:25:46',6,1),(7,'儿童摇摇车',53,240,344,'upload/yizhil7 (1).jpg','儿童益智玩具儿童摇摇车',7,',10,12,','2017-12-20 21:25:46',7,1),(8,'萌兔早教机',100,123,230,'upload/yizhil8 (3).jpg','萌兔早教机,儿童婴儿积木形状配对一周宝宝益智力玩具1-2-3岁早教女孩六面盒,儿童婴儿积木形状配对一周宝宝益智力玩具1-2-3岁早教女孩六面盒',7,',10,11,','2017-12-20 21:25:46',8,1),(9,'海洋动物',56,152,23,'upload/yizhil9.jpg','海洋动物海洋动物海洋动物海洋动物海洋动物海洋动,海洋动物海洋动物海洋动物海洋动物海洋动物海洋动,海洋动物海洋动物海洋动物海洋动物海洋动物海洋动',7,',10,12,','2017-12-20 21:25:46',9,1),(10,'儿童木制果树',57,520,103,'upload/yizhil9.jpg','早教夹夹乐玩具炼精细动作夹小球夹珠子儿童木制果树,早教夹夹乐玩具炼精细动作夹小球夹珠子儿童木制果树',8,',10,12,','2017-12-20 21:25:46',10,1),(11,'摩天轮益智玩具',21,146,123,'upload/dzl4 (4).jpg','儿童婴儿积木形状配对一周宝宝益智力玩具1-2-3岁早教女孩六面盒,儿童婴儿积木形状配对一周宝宝益智力玩具1-2-3岁早教女孩六面盒',8,',10,11,','2017-12-20 21:25:46',11,1),(12,'儿童早教水果串珠',26,52,344,'upload/dzl5 (4).jpg','儿童早教水果串珠穿绳子叠叠乐精细动作训练宝宝益智玩具1-2-3岁\r\n此款玩具是一款新颖的教学玩具，他使宝宝认识各种的水果，同时在动手的过程中，锻炼了脑和手的平衡，让孩子在游戏中快乐地成长.在图形物品原有的基础上加上小孔，以至于成为串珠和叠叠塔双重游戏，更具丰富性。宝宝玩具',8,',10,12,','2017-12-20 21:25:46',12,1),(13,'十三孔儿童形状六面智力盒',34,170,230,'upload/dzl6 (3).jpg','十三孔儿童形状六面智力盒认知配对积木宝宝早教益智玩具0-1-3岁\r\n让宝宝认识不同的颜色和形状；培养宝宝的观察能力和手眼协调能力；让宝宝练习镶嵌，学会寻找一一对应关系。把智力盒打开，把各种形状的积木块拿出来，教宝宝认识不同的形状和颜色；小积木块和孔的大小不是一样的。',8,',10,11,','2017-12-20 21:25:46',13,1),(22,'儿童木制果树',12,344,123,'upload/dzl4 (4).jpg','早教夹夹乐玩具炼精细动作夹小球夹珠子儿童木制果树',9,',10,12,','2017-12-21 12:53:39',1,1),(23,'默默爱可爱超萌团子',50,314,344,'upload/yzt.jpg','默默爱可爱超萌团子捏捏乐上课无聊玩具创意减压发泄球好玩的东西',9,',10,12,','2017-12-21 12:53:39',2,1),(24,'仙人球拼插',25,244,230,'upload/yizhil9.jpg','儿童益智 手工玩具 穿编缝扣子游戏 手眼协调精细动作 串珠',9,',10,12,','2017-12-21 12:53:39',3,1),(25,'默默爱可爱超萌团子',25,244,230,'upload/yizhil6 (2).jpg','儿童益智 手工玩具 穿编缝扣子游戏 手眼协调精细动作 串珠',9,',10,12,','2017-12-21 12:53:39',3,1),(26,'仙人球拼插',25,244,230,'upload/dzl4 (4).jpg','儿童益智 手工玩具 穿编缝扣子游戏 手眼协调精细动作 串珠',9,',10,12,','2017-12-21 12:53:39',3,1),(27,'穿编缝扣子游戏',25,244,230,'upload/yzt.jpg','儿童益智 手工玩具 穿编缝扣子游戏 手眼协调精细动作 串珠',9,',10,12,','2017-12-21 12:53:39',3,1),(28,'默默爱可爱超萌团子',25,244,230,'upload/dzl6 (3).jpg','儿童益智 手工玩具 穿编缝扣子游戏 手眼协调精细动作 串珠',9,',10,12,','2017-12-21 12:53:39',3,1),(29,'串珠',25,244,230,'upload/yzt.jpg','儿童益智 手工玩具 穿编缝扣子游戏 手眼协调精细动作 串珠',9,',10,12,','2017-12-21 12:53:39',3,1),(30,'默默爱可爱超萌团子',25,244,230,'upload/dzl6 (3).jpg','儿童益智 手工玩具 穿编缝扣子游戏 手眼协调精细动作 串珠',9,',10,12,','2017-12-21 12:53:39',3,1),(31,'蒙台梭利',35,320,250,'upload/shuji (4).png','早教书籍不同于幼儿图书，幼儿图书是给宝宝认字学习的工具，早教书籍则是父母学习早教知识的参考资料。早教书籍仅限于跟孩子教育相关的资料，属于育儿的一部分。早教是个复杂多元的过程，所以学习一些早教知识对父母来说是很重要的。',19,',10,12,','2017-12-21 12:53:39',1,1),(32,'我的爸爸',24,120,223,'upload/shuji (3).png','早教书籍不同于幼儿图书，幼儿图书是给宝宝认字学习的工具，早教书籍则是父母学习早教知识的参考资料。早教书籍仅限于跟孩子教育相关的资料，属于育儿的一部分。早教是个复杂多元的过程，所以学习一些早教知识对父母来说是很重要的。',19,',10,12,','2017-12-21 12:53:39',1,1),(33,'其乐无穷',35,241,223,'upload/shuji (2).png','早教书籍不同于幼儿图书，幼儿图书是给宝宝认字学习的工具，早教书籍则是父母学习早教知识的参考资料。早教书籍仅限于跟孩子教育相关的资料，属于育儿的一部分。早教是个复杂多元的过程，所以学习一些早教知识对父母来说是很重要的。',19,',10,12,','2017-12-21 12:53:39',1,1),(34,'孩子的成长',26,254,250,'upload/shuji (1).png','早教书籍不同于幼儿图书，幼儿图书是给宝宝认字学习的工具，早教书籍则是父母学习早教知识的参考资料。早教书籍仅限于跟孩子教育相关的资料，属于育儿的一部分。早教是个复杂多元的过程，所以学习一些早教知识对父母来说是很重要的。',19,',10,12,','2017-12-21 12:53:39',1,1);

UNLOCK TABLES;

/*Table structure for table `goodsimg` */

DROP TABLE IF EXISTS `goodsimg`;

CREATE TABLE `goodsimg` (
  `id` int(11) NOT NULL AUTO_INCREMENT,
  `GoodsId` int(11) DEFAULT NULL,
  `Imgsrc` varchar(500) DEFAULT NULL,
  `State` int(11) DEFAULT '1',
  PRIMARY KEY (`id`)
) ENGINE=InnoDB AUTO_INCREMENT=18 DEFAULT CHARSET=utf8;

/*Data for the table `goodsimg` */

LOCK TABLES `goodsimg` WRITE;

insert  into `goodsimg`(`id`,`GoodsId`,`Imgsrc`,`State`) values (1,1,'upload/s1 (1).jpg,upload/s1 (2).jpg,upload/s1 (3).jpg',1),(2,2,'upload/yizhil32.jpg,upload/yizhil33.jpg,upload/yizhil34.jpg',1),(3,3,'upload/yizhil2.jpg,upload/yizhil21.jpg,upload/yizhil23.jpg',1),(4,4,'upload/shuicaibi2.jpg,upload/shuicaibi3.jpg,upload/shuicaibi4.jpg',1),(5,5,'upload/yizhil5.jpg,upload/yizhil5.jpg,upload/yizhil5.jpg',1),(6,6,'upload/yizhil6 (1).jpg,upload/yizhil6 (3).jpg,upload/yizhil6 (4).jpg',1),(7,7,'upload/yizhil7 (2).jpg,upload/yizhil7 (3).jpg,upload/yizhil7 (4).jpg',1),(8,8,'upload/yizhil8 (1).jpg,upload/yizhil8 (2).jpg,upload/yizhil8 (4).jpg',1),(9,9,'upload/yizhil9(2).jpg,upload/yizhil9(3).jpg,upload/yizhil9(4).jpg',1),(10,10,'upload/dzl3 (2).jpg,upload/dzl3 (3).jpg,upload/dzl3 (4).jpg',1),(11,11,'upload/dzl4 (1).jpg,upload/dzl4 (2).jpg,upload/dzl4 (4).jpg,',1),(12,12,'upload/dzl4 (1).jpg,upload/dzl4 (2).jpg,upload/dzl4 (5).jpg,',1),(13,13,'upload/dzl6 (1).jpg,upload/dzl6 (4).jpg,upload/dzl6 (6).jpg,',1),(14,14,'upload/shuji (1).png,upload/shuji (2).png,upload/shuji (3).png',1),(15,15,'upload/shuji (2).png,upload/shuji (3).png,upload/shuji (4).png',1),(16,16,'upload/shuji (3).png,upload/shuji (2).png,upload/shuji (1).png',1),(17,17,'upload/shuji (4).png,upload/shuji (1).png,upload/shuji (2).png',1);

UNLOCK TABLES;

/*Table structure for table `momchat` */

DROP TABLE IF EXISTS `momchat`;

CREATE TABLE `momchat` (
  `id` int(11) NOT NULL AUTO_INCREMENT,
  `title` varchar(100) DEFAULT NULL,
  `content` text,
  `userid` int(11) DEFAULT NULL,
  `praise` int(11) DEFAULT NULL,
  `theme` int(11) DEFAULT NULL,
  `Thumbnail` varchar(500) DEFAULT NULL,
  `TYPE` int(11) DEFAULT NULL,
  `DATA` datetime DEFAULT NULL,
  `state` int(11) DEFAULT '1',
  PRIMARY KEY (`id`)
) ENGINE=InnoDB AUTO_INCREMENT=9 DEFAULT CHARSET=utf8 COMMENT='交流内容表';

/*Data for the table `momchat` */

LOCK TABLES `momchat` WRITE;

insert  into `momchat`(`id`,`title`,`content`,`userid`,`praise`,`theme`,`Thumbnail`,`TYPE`,`DATA`,`state`) values (1,'健康','最早孩子会用勺子吃饭，到了学龄前就要教他用筷子吃饭。现在的小学都是中午在学校吃饭，当然吃饭时也不再是有人帮盛到面前了，而是要自己拿着盘子排对去打饭，然后自己端着到桌上进行吃饭，所以平时妈妈可以让孩子自己端碗和菜，同时在吃饭时也要告诉他们吃多少盛多少，不要浪费粮食，不能随意倒掉。',1,333,1,'/upload/chat(1).jpg',1,'2017-12-20 20:22:04',1),(2,'营养','礼貌无论是对于多在的孩子还是即将上小学的孩子来说都是非常重要的事情，懂礼貌的孩子总是招人喜欢的，所以在小孩上小时之前，我们平时就要经常让孩子练习，见人会说一些礼貌用语，一些常见的礼貌用语像“您好”、“谢谢”“再见”等。出门时也要和家人说“我出去了”，回家要说“我回来了”，吃饭前后要讲“那我吃了”、“吃饱了”、“真好吃”等。',2,22,2,'/upload/chat(2).jpg',1,'2017-12-20 20:22:04',1),(3,'发育','因现在家家一个孩子，所以父母总是想给孩子做更多的事，所以现在有许多的孩子还不会自己穿衣服，所以这时父母可以试着让孩子自己穿衣服，同时懂得辨别鞋子和手套的左右、衣服正反、裤子前后，脱下的衣服要整理一下不要乱放。',3,313,3,'/upload/chat(3).jpg',3,'2017-12-20 20:22:04',1),(4,'教育','漱口、刷牙、洗脸这些要尽量让孩子自己来做，并且早晚养成刷牙洗脸的习惯，饭前便后也要自己去洗手，衣服脏时自己要知道去换衣服，大小便能够自理，女孩子小便后要养成用卫生纸的习惯。',4,57,1,'/upload/chat(4).jpg',2,'2017-12-20 20:22:04',1),(5,'胎教','平时可带孩子熟悉家与学校的路程，让他们大致的知道中线是如何的，并且不知道路时要向谁去问路，还有怎样去问路，并且要知道自己父母的名字、电话以及家住哪里这些信息。',1,23,2,'/upload/chat(5).jpg',2,'2017-12-20 20:22:04',1),(6,'婴儿期','学龄前的孩子懂得友好协商和宽容公平，在出现人际问题和矛盾时，有简单的解决问题的能力和突破问题的方法，会与他人讨论、协商，然后尝试着解决问题。',2,45,1,'/upload/chat(6).jpg',4,'2017-12-20 20:22:04',1),(7,'asda','asdadqwdqdasdasdasd ',1,NULL,NULL,NULL,NULL,NULL,0),(8,'qqq','adaas',1,NULL,NULL,NULL,NULL,NULL,NULL);

UNLOCK TABLES;

/*Table structure for table `musiclist` */

DROP TABLE IF EXISTS `musiclist`;

CREATE TABLE `musiclist` (
  `id` int(11) NOT NULL AUTO_INCREMENT,
  `musicName` varchar(50) DEFAULT NULL,
  `musicPath` varchar(500) DEFAULT NULL,
  `TYPE` int(11) DEFAULT NULL,
  `DATE` datetime DEFAULT NULL,
  `createuser` int(11) DEFAULT NULL,
  `state` int(11) DEFAULT '1',
  PRIMARY KEY (`id`)
) ENGINE=InnoDB AUTO_INCREMENT=6 DEFAULT CHARSET=utf8;

/*Data for the table `musiclist` */

LOCK TABLES `musiclist` WRITE;

insert  into `musiclist`(`id`,`musicName`,`musicPath`,`TYPE`,`DATE`,`createuser`,`state`) values (1,'采蘑菇的小姑凉','/public/music',1,'2017-12-20 20:22:15',1,1),(2,'大灰狼','/public/music',1,'2017-12-20 20:22:15',2,1),(3,'喜洋洋','/public/music',2,'2017-12-20 20:22:15',3,1),(4,'灰太狼','/public/music',2,'2017-12-20 20:22:15',4,1),(5,'喜洋洋与灰太狼','/public/music',1,'2017-12-20 20:22:15',5,1);

UNLOCK TABLES;

/*Table structure for table `ordergoods` */

DROP TABLE IF EXISTS `ordergoods`;

CREATE TABLE `ordergoods` (
  `id` int(11) NOT NULL AUTO_INCREMENT,
  `ordereid` int(11) DEFAULT NULL,
  `goodsid` int(11) DEFAULT NULL,
  `num` int(11) DEFAULT NULL,
  `DATE` datetime DEFAULT NULL,
  `state` int(11) DEFAULT '1',
  `returnstate` int(11) DEFAULT '0',
  PRIMARY KEY (`id`)
) ENGINE=InnoDB AUTO_INCREMENT=6 DEFAULT CHARSET=utf8;

/*Data for the table `ordergoods` */

LOCK TABLES `ordergoods` WRITE;

insert  into `ordergoods`(`id`,`ordereid`,`goodsid`,`num`,`DATE`,`state`,`returnstate`) values (1,1,1,3,'2017-12-20 20:22:16',1,0),(2,2,2,1,'2017-12-20 20:22:16',1,0),(3,3,3,6,'2017-12-20 20:22:16',1,0),(4,4,4,1,'2017-12-20 20:22:16',1,0),(5,5,5,3,'2017-12-20 20:22:16',1,0);

UNLOCK TABLES;

/*Table structure for table `orderlist` */

DROP TABLE IF EXISTS `orderlist`;

CREATE TABLE `orderlist` (
  `Id` int(11) NOT NULL AUTO_INCREMENT,
  `orderState` int(11) DEFAULT NULL,
  `courierNum` varchar(50) DEFAULT NULL,
  `orderDate` datetime DEFAULT NULL,
  `userid` int(11) DEFAULT NULL,
  `AddressId` int(11) DEFAULT NULL,
  `State` int(11) DEFAULT '1',
  `payment` int(11) DEFAULT '1',
  `totalmoney` float DEFAULT NULL,
  PRIMARY KEY (`Id`)
) ENGINE=InnoDB AUTO_INCREMENT=9 DEFAULT CHARSET=utf8;

/*Data for the table `orderlist` */

LOCK TABLES `orderlist` WRITE;

insert  into `orderlist`(`Id`,`orderState`,`courierNum`,`orderDate`,`userid`,`AddressId`,`State`,`payment`,`totalmoney`) values (1,1,'140123','2017-12-20 20:22:16',1,1,1,1,39),(2,0,'140124','2017-12-20 20:22:16',2,2,1,1,50),(3,0,'140125','2017-12-20 20:22:16',3,3,1,1,99),(4,2,'140126','2017-12-20 20:22:16',4,4,1,1,139),(5,1,'140127','2017-12-20 20:22:16',5,5,1,1,399),(6,1,'54158968614','2017-12-21 11:25:10',1,1,1,1,100),(7,1,'29624148278','2017-12-21 15:57:54',1,1,1,1,100),(8,1,'28309480892','2017-12-21 15:58:46',1,1,1,1,100);

UNLOCK TABLES;

/*Table structure for table `praise` */

DROP TABLE IF EXISTS `praise`;

CREATE TABLE `praise` (
  `id` int(11) NOT NULL AUTO_INCREMENT,
  `userId` int(11) DEFAULT NULL,
  `TYPE` int(11) DEFAULT NULL,
  `praiseid` int(11) DEFAULT NULL,
  `state` int(11) DEFAULT '1',
  `DATE` datetime DEFAULT NULL,
  PRIMARY KEY (`id`)
) ENGINE=InnoDB DEFAULT CHARSET=utf8;

/*Data for the table `praise` */

LOCK TABLES `praise` WRITE;

UNLOCK TABLES;

/*Table structure for table `reply` */

DROP TABLE IF EXISTS `reply`;

CREATE TABLE `reply` (
  `id` int(11) NOT NULL AUTO_INCREMENT,
  `content` text,
  `invitatid` int(11) DEFAULT NULL,
  `praise` int(11) DEFAULT NULL,
  `LEVEL` int(11) DEFAULT NULL,
  `DATE` datetime DEFAULT NULL,
  `state` int(11) DEFAULT '1',
  `userId` int(11) DEFAULT NULL,
  PRIMARY KEY (`id`)
) ENGINE=InnoDB AUTO_INCREMENT=6 DEFAULT CHARSET=utf8 COMMENT='回帖表';

/*Data for the table `reply` */

LOCK TABLES `reply` WRITE;

insert  into `reply`(`id`,`content`,`invitatid`,`praise`,`LEVEL`,`DATE`,`state`,`userId`) values (1,'good 很好用',1,34,1,'2017-12-20 20:22:04',1,1),(2,'值得一看',1,332,1,'2017-12-20 20:22:04',1,2),(3,'nice',1,355,1,'2017-12-20 20:22:04',1,3),(4,'推荐有宝妈们看看',1,334,1,'2017-12-20 20:22:04',1,1),(5,'值得借鉴',1,314,1,'2017-12-20 20:22:04',1,1);

UNLOCK TABLES;

/*Table structure for table `specialist` */

DROP TABLE IF EXISTS `specialist`;

CREATE TABLE `specialist` (
  `id` int(11) NOT NULL AUTO_INCREMENT,
  `NAME` varchar(20) DEFAULT NULL,
  `title` varchar(50) DEFAULT NULL,
  `description` text,
  `specialImg` varchar(50) DEFAULT NULL,
  `createuser` int(11) DEFAULT NULL,
  `DATE` datetime DEFAULT NULL,
  `state` int(11) DEFAULT '1',
  PRIMARY KEY (`id`)
) ENGINE=InnoDB AUTO_INCREMENT=5 DEFAULT CHARSET=utf8;

/*Data for the table `specialist` */

LOCK TABLES `specialist` WRITE;

insert  into `specialist`(`id`,`NAME`,`title`,`description`,`specialImg`,`createuser`,`DATE`,`state`) values (1,'Mike','特级专家','经验丰富','/upload/zj1.png',1,'2017-12-20 20:22:17',1),(2,'Tom','一级专家','经验丰富','/upload/zj2.png',2,'2017-12-20 20:22:17',1),(3,'王五','特级专家','经验丰富，细心有耐心','/upload/zj3.png',3,'2017-12-20 20:22:17',1),(4,'Jack','二级专家','经验丰富，有耐心','/upload/zj4.png',4,'2017-12-20 20:22:17',1);

UNLOCK TABLES;

/*Table structure for table `user` */

DROP TABLE IF EXISTS `user`;

CREATE TABLE `user` (
  `id` int(11) NOT NULL AUTO_INCREMENT,
  `userName` varchar(50) NOT NULL,
  `pwd` varchar(50) NOT NULL,
  `realName` varchar(50) DEFAULT NULL,
  `tel` char(11) DEFAULT NULL,
  `email` varchar(50) DEFAULT NULL,
  `headSrc` varchar(500) DEFAULT NULL,
  `DATE` datetime DEFAULT NULL,
  `Role` int(11) DEFAULT '1',
  `state` int(11) DEFAULT '1',
  PRIMARY KEY (`id`)
) ENGINE=InnoDB AUTO_INCREMENT=7 DEFAULT CHARSET=utf8;

/*Data for the table `user` */

LOCK TABLES `user` WRITE;

insert  into `user`(`id`,`userName`,`pwd`,`realName`,`tel`,`email`,`headSrc`,`DATE`,`Role`,`state`) values (1,'Baby','123','admin','18011232121','782312647@qq.com','/upload/admin.jpg','2017-12-20 20:22:17',1,1),(2,'zx','123','zx','18653232121','782432647@qq.com','/upload/zx.jpg','2017-12-20 20:22:17',1,1),(3,'doublechen','123','doublechen','13311234121','745222647@qq.com','/upload/doublechen.jpg','2017-12-20 20:22:17',1,1),(4,'zzy','123','zzy','13621232341','235312647@qq.com','/upload/zzy.jpg','2017-12-20 20:22:17',1,1),(5,'yz','123','yz','13621232434','782314567@qq.com','/upload/zy.jpg','2017-12-20 20:22:17',1,1),(6,'mingming','123','minmin','15131232434','654514567@qq.com','/upload/mingming.jpg','2017-12-20 20:22:07',1,1);

UNLOCK TABLES;

/*Table structure for table `videocomment` */

DROP TABLE IF EXISTS `videocomment`;

CREATE TABLE `videocomment` (
  `id` int(11) NOT NULL AUTO_INCREMENT,
  `userId` int(11) NOT NULL,
  `courseId` int(11) NOT NULL,
  `content` text NOT NULL,
  `praise` int(11) NOT NULL,
  `LEVEL` int(11) DEFAULT NULL,
  `DATE` datetime NOT NULL,
  `state` int(11) NOT NULL DEFAULT '1',
  PRIMARY KEY (`id`)
) ENGINE=InnoDB AUTO_INCREMENT=6 DEFAULT CHARSET=utf8 COMMENT='视频课程评论';

/*Data for the table `videocomment` */

LOCK TABLES `videocomment` WRITE;

insert  into `videocomment`(`id`,`userId`,`courseId`,`content`,`praise`,`LEVEL`,`DATE`,`state`) values (1,1,1,'good job',40,1,'2017-12-20 20:22:18',1),(2,2,2,'well done',40,1,'2017-12-20 20:22:18',1),(3,3,3,'干得漂亮',40,2,'2017-12-20 20:22:18',1),(4,4,4,'继续加油',40,2,'2017-12-20 20:22:18',1),(5,5,5,'nice',40,1,'2017-12-20 20:22:18',1);

UNLOCK TABLES;

/*Table structure for table `videocourse` */

DROP TABLE IF EXISTS `videocourse`;

CREATE TABLE `videocourse` (
  `id` int(11) NOT NULL AUTO_INCREMENT,
  `courseName` varchar(50) NOT NULL,
  `stageId` int(11) NOT NULL,
  `courseDes` text NOT NULL,
  `videoSrc` varchar(500) NOT NULL,
  `praise` int(11) NOT NULL,
  `collect` int(11) NOT NULL,
  `thumbnail` varchar(500) DEFAULT NULL,
  `DATE` datetime NOT NULL,
  `createuser` int(11) DEFAULT NULL,
  `state` int(11) NOT NULL DEFAULT '1',
  PRIMARY KEY (`id`)
) ENGINE=InnoDB AUTO_INCREMENT=25 DEFAULT CHARSET=utf8 COMMENT='视频课程表';

/*Data for the table `videocourse` */

LOCK TABLES `videocourse` WRITE;

insert  into `videocourse`(`id`,`courseName`,`stageId`,`courseDes`,`videoSrc`,`praise`,`collect`,`thumbnail`,`DATE`,`createuser`,`state`) values (1,'启蒙之旅',1,'学之源开发出的右脑潜能开发课程及产品涵盖早教、幼教和中小学三个阶段，采用自主研发的各类教 材教具学具、丰富多彩的动漫游戏，通过短期训练和反复实践，对孩子右脑潜能开发具有显著效果。','/upload/dog.swf',122,322,'/upload/shipin (1).jpg','2017-12-20 20:22:20',1,1),(2,'宝宝很棒',1,'学之源拥有强大的学术研究、产品开发及教研能力。机构汇集了一批国内外心理学、教育学、脑科学、学前教育等方面资深的专家学者，同时美国右脑潜能开发研究会、厦门大学等国际学术机构为学之源提供强有力的学术支持。','/upload/my dear posy.swf',121,12,'/upload/shipin (2).jpg','2017-12-20 20:22:20',1,1),(3,'早教好处',1,'以及相关教育产品的研发和动漫制作，是“中国妇女儿童最喜爱品牌”、“中国消费者满意十大首选品牌”和“中国右脑潜能开发具有影响力品牌”、“中国十大早教品牌”。','/upload/虫儿飞.swf',22,455,'/upload/shipin (3).jpg','2017-12-20 20:22:20',2,1),(4,'早教的重要性',1,'根据不同孩子的认知、行为、心里特征有针对性地设计全方位教育方案，提高孩子们的语言沟通与读写、空间感知和认识理解等方面能力，使他们的综合素质得到全面发展!','/upload/twinkle.swf',52,24,'/upload/shipin (4).jpg','2017-12-20 20:22:20',4,1),(5,'感官和数学',1,'启蒙教育主要是针对7-30个月的孩子，这个时期的孩子正是肢体活动的关键时期，因此此时的早期教育课程的主要内容是肢体训练，比如爬、走、跑、跳、踢、说等等，这些训练能让孩子的四肢更灵活，口齿更清楚。','/upload/春天的秘密.swf',332,667,'/upload/shipin (5).jpg','2017-12-20 20:22:20',5,1),(6,'艺术和音乐',1,' 艺术和音乐主要针对16个月以上的孩子，这些早教课程是为了培养孩子的兴趣。此时家长可以买一些图册在家里放着，由于图册颜色非常丰富，且图案可爱，孩子会非常感兴趣，至于音乐，不论是平时还是孩子睡前，都能放音乐。\r\n','/upload/小哪咤.swf',11,245,'/upload/shipin (6).jpg','2017-12-20 20:22:20',6,1),(7,'早教课程一：大动作',1,'启蒙教育主要是针对7-30个月的孩子，这个时期的孩子正是肢体活动的关键时期，因此此时的早期教育课程的主要内容是肢体训练，比如爬、走、跑、跳、踢、说等等，这些训练能让孩子的四肢更灵活，口齿更清楚。\r\n','/upload/小老鼠上灯会.swf',12,33,'/upload/shipin (7).jpg','2017-12-20 20:22:20',4,1),(8,'早教课程二：认知能力',1,'聪明的孩子。如果您热爱孩子，有志于从事早教事业，学之源欢迎您的加入，您的加入是我们的荣幸，而我们也将提供给您无以伦比的优势','/upload/我有一只小羊羔.swf',23,66,'/upload/shipin (8).jpg','2017-12-20 20:22:20',6,1),(9,'科学性和前沿性',2,'本书综合了韦钰院士数年来在学习科学领域的大量研究成果和国内外最前沿的研究成果，是一套关于儿童“心智、脑与教育”的高级科普读物。','/upload/三字经.swf',433,223,'/upload/shipin (9).jpg','2017-12-20 20:22:20',3,1),(10,'语言能力训练',2,'不完全是与生俱来的，适当的启发及引导才是让孩子发挥特殊才能的最佳方式。头脑好的孩子也需要勤奋，勤于用脑或勤于练习才能发挥潜在的能力。真正的聪明并不在于知道多少，而是在遇到困难时，懂','/upload/麦子长大.swf',34,33,'/upload/shipin (10).jpg','2017-12-20 20:22:20',6,1),(11,'如何培育优质宝宝',2,'才并不完全是与生俱来的，适当的启发及引导才是让孩子发挥特殊才能的最佳方式。头脑好的孩子也需要勤奋，勤于用脑或勤于练习才能发挥潜在的能力。真正的聪明并不在于知道多少，而是在遇到困难时，懂得如何解决，更重要的是孜孜不倦的探索精神和用之不竭的创造力。\r\n','/upload/酒鬼爸爸.swf',11,69,'/upload/shipin (11).jpg','2017-12-20 20:22:20',6,1),(12,'绘画',2,'绘画和手工等美术活动以其生动形象，需要多种感官配合的特点，能够活跃孩子的大脑神经活动过程，有效促进孩子的视觉、触觉和空间知觉的发展，提高孩子的想象力、表现力、创造力。\r\n','/upload/勤劳买菜歌.swf',16,75,'/upload/shipin (12).jpg','2017-12-20 20:22:20',6,1),(13,'不竭的创造力',2,'实证性和可操作性。本书的理论观点基于实证研究，且辅以具体的现实案例，在保证讲述内容科学性的基础上，给关心儿童成长的社会各界人士提出了具体、实用的教养建议。','/upload/腌泡菜.swf',32,71,'/upload/shipin (13).jpg','2017-12-20 20:22:20',1,1),(14,'人际智能训练',2,'本书由韦钰院士担任学术主持，并拥有专业的顾问团队和指导团队，书中所提出的教养方法均经过仔细的推敲和琢磨，权威且专业。','/upload/song18.swf',53,46,'/upload/shipin (14).jpg','2017-12-20 20:22:20',4,1),(15,'认知能力训练',2,'感官和数学的教育主要是针对28-40个月的孩子，家长可以通过日常生活中的小细节来教导孩子。此时孩子的大脑发育处于非常活跃的状态，正是认识事物和学习的好时机，同时也是提高孩子智力的好时机。\r\n','/upload/song19.swf',75,35,'/upload/shipin (15).jpg','2017-12-20 20:22:20',6,1),(16,'语言能力训练',2,'科学性和前沿性。本书综合了韦钰院士数年来在学习科学领域的大量研究成果和国内外最前沿的研究成果，是一套关于儿童“心智、脑与教育”的高级科普读物。　','/upload/song20.swf',45,13,'/upload/shipin (16).jpg','0000-00-00 00:00:00',4,1),(17,'生活自理能力',3,'早教动画视频很受宝宝的喜欢，幽默风趣的画面深深的吸引着宝宝。通过观看视频，宝宝能学到丰富的知识，加强认知能力。通过父母的讲解，宝宝还能获得一些感悟。下面来看看关于气球的早教动画吧，宝宝一定会喜欢的。\r\n','/upload/song21.swf',23,67,'/upload/shipin (17).jpg','0000-00-00 00:00:00',4,1),(18,'早教动画之气球',3,'两岁的宝宝非常活泼，非常好动，学习能力也很强，而且对什么都充满了好奇心。对两岁的宝宝进行早教用什么好呢？来看看两岁宝宝适合看的早教视频吧。风趣幽默的语言，丰富多彩的动作，以及宝宝非常喜欢看的鲜艳画面一定让你的宝宝获益匪浅。\r\n','/upload/song22.swf',33,12,'/upload/shipin (18).jpg','0000-00-00 00:00:00',3,1),(19,'生活习惯训练',3,'有的宝宝已经不小了，但是还没有学会怎么穿衣服。这主要有两个原因，一方面是家长教的晚，另一方面是教的方法不正确。不会教宝宝穿衣服的妈妈也不用太着急，我们准备了让小宝宝自己穿衣服的视频教程，希望对您有所帮助。\r\n','/uplod/马鞍的婚礼.swf',45,67,'/upload/shipin (19).jpg','0000-00-00 00:00:00',4,1),(20,'宝宝精细动作训练视频',3,'教孩子识字是早教中很重要的一环，很多父母都希望孩子能早一点识字，能认识的字越多越好，但很多时候事与愿违，今天学会的明天又忘了。其实教孩子识字是有技巧的，如果方法不对起到的效果很小。下面我们就来看看儿童早教识字教程动画的内容吧。\r\n','/upload/song23.swf',55,90,'/upload/shipin (20).jpg','0000-00-00 00:00:00',4,1),(21,'让宝宝自己动手吃饭',3,'宝宝很小的时候妈妈要对其喂养，等他能拿东西了呢，都希望早点能让他学会自己吃饭。有的宝宝很聪明很快就学会自己拿勺子吃饭了，但是有的宝宝却怎么也学不会。其实这并不是宝宝不聪明，而是妈妈教的方法不正确。那么该怎么教宝宝自己动手吃饭呢？来看看这个早教视频吧。\r\n','/upload/song24.swf',11,15,'/upload/shipin (21).jpg','0000-00-00 00:00:00',1,1),(22,'两岁幼儿学拼音',3,'两岁的幼儿可以学习一些简单的知识了，这时父母都会迫不及待的想对他进行一些早期教育。让两岁的宝宝开始学习拼音是很多家长的选择。不过方法很重要，如果你不知道该如何教宝宝拼音的话，就来看看我们为您准备的教程吧。','/upload/song29.swf',45,60,'/upload/shipin (22).jpg','0000-00-00 00:00:00',1,1),(23,'早教趣味识字方法',3,'很多妈妈都希望宝宝能够早点学识字，于是采用了一些方法教他，但是往往效果不好，这主要的原因就是方法采用的不正确。那么有什么好的方法能帮助孩子识字呢？让我们来看看儿童早教趣味识字方法吧。','/upload/一二扣上谢.swf',21,25,'/upload/shipin (23).jpg','0000-00-00 00:00:00',4,1),(24,'3-4岁的宝宝视频',3,'3-4岁的宝宝已经很懂事了，同时他们充满了好奇心，渴望获得很多的知识。虽然并不已经到了上幼儿园的年龄，但是我们也不能忽略了对他们的早教。那么这时的孩子该如何早教呢？一起来看看我们为3-4岁幼儿准备的早教视频吧。\r\n','/upload/song30.swf',34,54,'/upload/shipin (24).jpg','0000-00-00 00:00:00',4,1);

UNLOCK TABLES;

/*!40101 SET SQL_MODE=@OLD_SQL_MODE */;
/*!40014 SET FOREIGN_KEY_CHECKS=@OLD_FOREIGN_KEY_CHECKS */;
/*!40014 SET UNIQUE_CHECKS=@OLD_UNIQUE_CHECKS */;
/*!40111 SET SQL_NOTES=@OLD_SQL_NOTES */;
